NodeCount,SimCnt,CompileTime,KeyGenerationTime,EncryptionTime,ExecutionTime,DecryptionTime,ReferenceExecutionTime,Mse,DiffMse
4,0,40.75240199927066,3242.8871039992373,97.62603399940417,2009.8161679998157,28.416052000466152,3.7713830006396165,2.1248134494366583e-14,7.260249484680699e-12
4,1,40.565039998909924,2928.60982500315,86.26693000041996,1926.5650260003895,25.042556000698823,3.3742420018825214,1.7800732349934956e-14,4.624388804654151e-12
4,2,40.1362100001279,2860.734161000437,84.72774999972899,1888.2321670007514,24.747502999161952,3.344781996929669,1.7053219533948375e-14,7.837801321330687e-12
4,3,39.84881900214532,2865.7249940006295,84.75028299835685,1882.4798200021178,24.790260998997837,3.3497320000606123,1.5476127790136112e-14,7.022455926919883e-12
4,4,39.83641899867507,2863.8705920020584,85.67375400161836,1884.4747929997538,24.695157999303774,3.3568229991942644,1.651884967313609e-14,1.1870678731334292e-11
4,5,40.01313299704634,2851.872394001475,84.34098999896378,1886.1378980000154,24.776982001640135,3.366423001352814,1.5835185722251164e-14,8.013802977838537e-12
4,6,40.078507001453545,2862.5765159995353,84.66435300033481,1885.6714389985427,24.8535870014166,3.3478139994258527,1.707799813047636e-14,6.931947807839282e-12
4,7,40.86091099998157,2865.483129002314,84.41042999947967,1881.952640000236,24.69345700046688,3.3910340007423656,1.6342650398072206e-14,5.538404975263188e-12
4,8,39.89214699868171,2858.978225998726,83.99197199832997,1885.0725960001,24.753376999797183,3.355459000886185,1.956192140532152e-14,7.555960903807056e-12
4,9,39.886112997919554,2864.2066620013793,84.75223099958384,1923.305149002772,25.111509998168913,3.3538549978402443,2.882195585746038e-14,8.403239014178757e-15
4,10,39.96795499915606,2858.6330669968447,84.54749100019399,1885.4761410020728,24.819735999699333,3.3500899971841136,2.059376365805636e-14,1.0912620634285282e-11
4,11,39.758805996825686,2848.3121509980265,84.58221500040963,1884.4286360017577,24.751048998950864,3.3638220011198428,3.28469146463355e-14,2.2225930177958938e-13
4,12,39.91997199955222,2851.3511789988115,83.77179099989007,1884.854821002591,24.877054000171483,3.3608249977987725,2.3172675081852967e-14,1.8076927415886958e-11
4,13,39.86207800153352,2857.9162190035277,84.2992329999106,1884.2863219979336,24.766943000940955,3.378555002200301,1.8006789102822157e-14,5.057982235421484e-12
4,14,39.92170099991199,2862.64769599984,84.30605399917113,1883.8354889994662,24.76268900136347,3.3625730029598344,1.5884465949668533e-14,7.427584672139989e-12
4,15,39.96998500224436,2866.495432999727,83.92646199718001,1884.7205610018136,24.830611000652425,3.3943359994736966,1.9353386219037656e-14,5.59433958761529e-12
4,16,40.07742599787889,2868.7672810028744,84.17696500146121,1882.1332179959427,24.77022800121631,3.3589920021768194,1.1745286684352381e-14,7.608911714431853e-12
4,17,39.79868299757072,2854.018870002619,85.31711000250652,1886.118713999167,24.8642850019678,3.3622560022195103,1.633035161817059e-14,4.756555986162901e-12
4,18,40.496230003554956,2857.618576997993,86.15321799879894,1888.441208999211,24.87347000169393,3.3579460014152573,1.563240407280299e-14,1.6604880915346555e-11
4,19,39.82661399822973,2854.445762000978,86.08346900109609,1889.5106269992539,24.744235999605735,3.3513720009068493,1.876766611577564e-14,7.640355991357642e-12
4,20,39.96892599752755,2850.4869010030234,84.30293999845162,1887.7088259996526,24.762172000919236,3.3609279998927377,1.594280336618422e-14,7.792613858964e-12
4,21,40.15627599801519,2864.500786999997,83.89387499846634,1920.8972090000316,24.765440999544808,3.4831390003091656,2.176402075606025e-14,5.72618164735986e-12
4,22,39.956916001756326,2869.399073999375,84.79181800066726,1884.4116590007616,24.772678998488118,3.366463000929798,2.0479285184442237e-14,1.0270783963514213e-11
4,23,39.7863670004881,2842.4143609991006,85.00164999895787,1886.5320080003585,24.77741400070954,3.3639190005487762,1.8849514877043616e-14,7.139518995081589e-12
4,24,40.19749599865463,2842.2629139986384,85.18249199914862,1889.0095650003786,24.939172999438597,3.3558510021975962,1.6804054489535407e-14,1.536475292801222e-11
4,25,39.97714800061658,2841.9613799997023,84.23925399984,1883.1925680005952,25.001011999847833,3.387265001947526,2.415048831482975e-14,4.117424467757325e-12
4,26,40.58068800077308,2851.6490749989316,84.0773080017243,1883.5717709989694,24.830873000610154,3.3567260015843203,1.5991227776933874e-14,5.583000813698532e-12
4,27,39.84192000098119,2845.8382220014755,84.48582800156146,1885.9363899991877,24.747714000113774,3.3569860006537056,1.1378919961291351e-14,7.602302608117154e-12
4,28,39.924307997353026,2849.968069996976,84.4719710003119,1887.7151469987439,24.799185999654583,3.3617369990679435,1.5474161473111762e-14,5.481695543093004e-12
4,29,40.12723699815979,2841.008856999906,84.79110900043452,1888.499545997547,24.953354000899708,3.3604070013097953,3.1887562991794055e-14,1.1910904888425196e-13
4,30,40.09366200079967,2854.1206360023352,84.20576399839774,1886.8668289997004,24.85013300065475,3.4062600007018773,1.854704907629112e-14,7.45789001074328e-12
4,31,39.86652000094182,2856.1553319996165,84.44299999791838,1884.1387590000522,24.72866000061913,3.365441003552405,3.07433223793695e-14,3.086114145899558e-15
4,32,39.86846200132277,2841.158582999924,84.26186900032917,1881.8544680016203,24.88357499896665,3.3670339980744757,3.151666507309142e-14,6.4860267814763705e-15
4,33,39.88415399908263,2847.8334530009306,85.79636899958132,1894.7821959991415,24.804444999972475,3.366781997101498,2.109377932458824e-14,7.45439309960209e-12
4,34,42.324411999288714,2873.8350229996286,84.40471399990201,1883.111265997286,25.08577700064052,3.3685969974612817,1.8613129885742737e-14,7.055241517426419e-12
4,35,39.84586099795706,2854.7766050014616,83.38259199808817,1887.7506709977752,24.762815002759453,3.345403001731029,2.233402175775053e-14,6.676028643967729e-12
4,36,39.92116500194243,2850.58457499872,83.75162799893587,1883.6622629987687,24.751762000960298,3.365139999004896,2.0503394239161635e-14,9.5766708955393e-12
4,37,39.97634699953778,2862.329254998258,83.91817799929413,1886.5126029977546,24.735438002608134,3.3603689989831764,1.8371441523022985e-14,5.553335828959041e-12
4,38,40.054997998595354,2845.212892001655,84.45301699794072,1893.4502209976927,24.92813400021987,3.36500799676287,1.7082649936625367e-14,1.0863947201205166e-11
4,39,40.263109003717545,2841.8147259981197,83.96254500075884,1885.6619319994934,24.93519499876129,3.3665519986243453,2.2266922141079027e-14,4.437949156597816e-12
4,40,39.87823500210652,2854.741371998898,83.6252439985401,1882.857236001655,24.865217001206474,3.364365000379621,1.6517073507308514e-14,8.55605122289316e-12
4,41,39.74812700289476,2844.4783340000868,83.87553299871797,1882.7293310023379,24.736152998229954,3.364816000612336,1.9154566564339408e-14,7.082525241673503e-12
4,42,39.88540099999227,2853.6297460013884,84.13446600025054,1884.9810699975933,24.737173998801154,3.372884999407688,1.8050535059988058e-14,5.71796810726613e-12
4,43,39.88694600047893,2841.1845979971986,84.45429900166346,1889.8793459993612,24.770722999164718,3.3649060023890343,1.7337874484247003e-14,1.1815822515550604e-11
4,44,40.09450799821934,2839.6487739992153,84.10094700047921,1888.247467999463,25.27601800102275,3.448166002272046,1.5306950102561838e-14,9.334947538267391e-12
4,45,39.849938000770635,2844.4957600004273,83.9880039984564,1883.5603810002794,24.78767700085882,3.35600499965949,1.940934855073582e-14,6.266787126300528e-12
4,46,40.02980699988257,2893.676424999285,83.91913099876547,1883.643832999951,24.84702699985064,3.3601869981794152,2.0698366533569187e-14,5.244699553505684e-12
4,47,40.00203099894861,2856.5441419996205,84.68960700156458,1885.4477390013926,24.70995700059575,3.3513360012875637,1.982226263928739e-14,4.0376700853138684e-12
4,48,39.98409299856576,2844.634815999598,84.62426699770731,1885.2394730001834,24.856615000317106,3.361083001436782,3.1004098965927754e-14,5.839247923132274e-14
4,49,40.0778259991057,2844.2724409978837,84.82776300115802,1884.0654649993667,24.84257600190176,3.3699000014166813,3.005321706322699e-14,1.8171442994433402e-13
4,50,39.79521299879707,2848.4079399986513,85.32478700180945,1882.2017690017674,24.77235999867844,3.356707000421011,1.2751475568973385e-14,8.974513387949958e-12
4,51,39.69200599749456,2847.9780340003344,85.23238500129082,1889.9721170000703,24.776868001936236,3.365092003150494,2.99271649442651e-14,1.2999602171233984e-13
4,52,39.954907000719686,2856.4670120031224,85.03706099872943,1893.0484600005002,24.793363001663238,3.363983998497133,1.7600667639511482e-14,8.67080929158477e-12
4,53,39.94050900109869,2843.941815997823,86.23164200253086,1893.916924002042,24.748224997892976,3.364030000739149,1.8401766416594995e-14,7.237620825227461e-12
4,54,39.82642099981604,2854.938033002327,84.64541699868278,1885.4999549985223,24.729083001147956,3.361871000379324,2.3358724885395266e-14,6.88007100873853e-12
4,55,39.99366100106272,2839.1397500017774,84.26446100020257,1883.2040590023098,24.792989001070964,3.3696810005494626,1.8291990074679643e-14,4.251573263414683e-12
4,56,39.88123499766516,2840.254114997151,85.2533589968516,1886.0487840011047,24.862542000846588,3.355630999067216,2.038817787845477e-14,1.2043390560561925e-11
4,57,40.04178600007435,2866.9197780000104,85.7234499999322,1902.0680470002844,24.848892999216332,3.439951000473229,1.695251556080264e-14,1.0591540595973225e-11
4,58,39.83885799971176,2894.065132999458,84.1607339989423,1882.7276219999476,24.711526002647588,3.3620579979469767,1.8374713574931204e-14,7.438429525169043e-12
4,59,39.852742998846225,2853.462443999888,84.16714999839314,1883.2191550009156,24.760047999734525,3.3640220026427414,1.2176947405996454e-14,1.0146856422179583e-11
4,60,40.204463997724815,2847.8075659968454,84.2483029991854,1886.9593349991192,24.972630000775098,3.4063379989675013,1.1819182618472701e-14,7.472213524112248e-12
4,61,40.0142769995,2845.8055579994834,84.31946599921503,1884.1150329990342,24.83800899972266,3.368907999174553,1.6410636948628755e-14,6.993448235146344e-12
4,62,40.08113500276522,2862.329776002298,84.90514600089227,1891.605482003797,24.827882998579298,3.362750001542736,1.9648668162300858e-14,1.0323973074087717e-11
4,63,39.93355600141513,2853.321187001711,85.0438600009511,1883.2084849982493,25.167029001750052,3.4678299980441807,1.3154956703334545e-14,1.1229520858783274e-11
4,64,40.243535999252344,2852.037195001685,84.95464699990407,1884.123546002229,24.84122500027297,3.3590750008443138,1.2561962639127898e-14,8.34900721464863e-12
4,65,39.94362099911086,2859.3784069998947,84.64300100240507,1886.4589200002229,24.7395329970459,3.372415996636846,3.0324472099033415e-14,5.918136618064693e-14
4,66,40.226250002888264,2845.929850000175,84.23997899990354,1884.508086997812,25.136519001534907,3.370370999618899,1.520837453662249e-14,8.30396099224488e-12
4,67,40.109037998263375,2852.699468998253,84.40439199875982,1887.8294590012956,24.820920998536167,3.3586570007173577,1.770745861201907e-14,8.732391636363982e-12
4,68,40.257573000417324,2856.9911579998006,83.80498500082467,1887.4000769992563,25.53213599821902,3.4188120007456746,3.1965982297661e-14,4.211332221471715e-14
4,69,39.94951600179775,2852.706064000813,83.72065199910139,1882.9039079992071,24.8038509998878,3.3520809993206058,1.6295612746392198e-14,1.1982514067438981e-11
4,70,40.5135450000671,2877.6718789995357,84.27839600153675,1916.5894800025853,25.31100099804462,3.4009400023933267,3.356748738729013e-14,2.7091493802063755e-14
4,71,40.29260700190207,2851.637539000876,85.05379399866797,1887.7445820016874,24.996331998409005,3.3621830007177778,1.5391591311223205e-14,8.02792520514187e-12
4,72,39.95707000103721,2854.4801769985497,85.09939699979441,1884.360337000544,24.718326998481643,3.357994000907638,1.9308862009204835e-14,8.890830452691474e-12
4,73,39.90359599629301,2854.3908819992794,84.80636999956914,1884.9612779995368,24.888276004276122,3.3632560007390566,2.852774998121824e-14,6.168624198810126e-13
4,74,39.764783996361075,2861.859907003236,84.39218500097923,1885.8213440016698,24.743959000261384,3.361123001013766,1.6584450187777857e-14,1.2266837087041043e-11
4,75,39.868174000730505,2853.3759800029657,84.66062000115926,1885.912895999354,24.89460600008897,3.3752489980543032,1.8909395969014102e-14,5.371997406539583e-12
4,76,39.92584299885493,2855.047774000923,85.30405100100324,1889.1755130007368,24.866996998753166,3.3723149990692036,3.268832719854753e-14,3.643963423482788e-15
4,77,40.08508900005836,2858.720923999499,84.06264999939594,1889.3301429998246,24.87291100260336,3.366944998560939,1.701998655305066e-14,1.3372433059133546e-11
4,78,40.272091999213444,2844.416297999487,83.86094999877969,1884.180359000311,24.73511200332723,3.3612940005696146,1.2750768102147289e-14,9.483672618658874e-12
4,79,39.831067999330116,2845.8346170009463,83.79839700137381,1886.0906299978524,24.74358000290522,3.365626000231714,1.8640404679252668e-14,4.8340472285841296e-12
4,80,40.27169999972102,2854.264286997932,84.50511100090807,1888.9511200013658,24.993020999318105,3.4053980016324203,2.22342853589866e-14,7.065794135923409e-12
4,81,39.88064300028782,2846.7125779989146,83.99745699898631,1885.3934480011958,24.990521000290755,3.364688000146998,1.7988895704604374e-14,9.453974745176449e-12
4,82,40.42977499921108,2846.3838690022385,83.82919599898742,1902.5923699991836,24.81948599779571,3.4172640025644796,1.738099041912156e-14,8.324151145733665e-12
4,83,40.21920000195678,2872.6473029983026,84.20685599776334,1884.869276002064,24.862884998583468,3.359566000654013,1.1794152121563121e-14,1.1847411600155387e-11
4,84,39.95945599854167,2878.3314760003123,85.29326000098081,1885.4761329985195,24.769806999756838,3.357737999976962,1.9105643125142548e-14,8.796637508462139e-12
4,85,39.90036499999405,2855.2120869990176,85.49165100157552,1889.2427789996873,24.784944000202813,3.436937999140355,1.842245117470289e-14,7.1714783930673936e-12
4,86,39.944695998201496,2846.3761689999956,83.64096800141851,1884.0831070010609,24.88377100053185,3.3944599999813363,1.9305644975694176e-14,6.860593413550296e-12
4,87,39.96748100144032,2869.220584001596,83.85094100231072,1885.7883119999315,24.771518998022657,3.3588970018172404,3.081808026717226e-14,7.83982952814205e-14
4,88,39.78451599869004,2849.407865001922,84.7663630011084,1887.695609997536,24.72979099911754,3.3784340012061875,1.2147816722750981e-14,1.1072970245015494e-11
4,89,40.2122830018925,2861.0963669980265,83.65622499877645,1890.1209550003841,24.9570859978121,3.412279002077412,3.243330737226659e-14,9.894502257807124e-15
4,90,39.915499999551685,2845.4286090018286,84.98726499965414,1893.1778360001772,24.777301998256007,3.3598329973756336,1.630849772388141e-14,1.3544913373575712e-11
4,91,40.2331459990819,2866.672930002096,84.86482000262185,1884.6885770017252,24.78911299840547,3.3588620008231374,2.167922321432328e-14,1.221025696499545e-11
4,92,39.9118820005242,2847.9753470019205,84.69587000035972,1885.925608999969,24.737379999351106,3.361446000781143,2.020235922035e-14,6.2569685592706664e-12
4,93,40.149670998289366,2853.2966259972454,84.57587600241823,1885.0939349995315,24.697957998796483,3.367491999597405,1.7445060034235365e-14,1.2182097947418854e-11
4,94,40.42451299937966,2839.292816001034,84.76759099903575,1885.9373579980456,24.92767100011406,3.3790210018196376,3.1362903014936765e-14,2.8605639870182885e-14
4,95,40.639362996444106,2883.7593480020587,84.82326800185547,1884.7557490007603,24.979467001685407,3.4322020001127385,3.140242754586796e-14,1.2907865005443766e-13
4,96,40.15614200216078,2857.0834699967236,84.35243799976888,1888.7757359989337,24.84863999961817,3.4088989996234886,1.7548417037381208e-14,9.506518912667512e-12
4,97,40.11382600037905,2861.131491999913,83.69221699831542,1882.8379650003626,24.755041999014793,3.3584069988137344,2.1250831007426674e-14,1.4563314620292715e-11
4,98,39.94518099898414,2860.109501001716,83.98860999841418,1886.1523729992768,24.781595999229467,3.406229001484462,3.087325587838468e-14,6.716893750170005e-18
4,99,39.94855000019015,2857.609708999007,84.35694800027704,1886.3619490002748,24.795255001663463,3.3583449985599145,3.183351156164042e-14,2.812789091567772e-14
8,0,236.70034099995974,11189.236909998726,175.6659079946985,7997.140351997587,50.311407998378854,24.250167998616234,1.2638229772561236e-14,5.32497109797377e-11
8,1,239.38192899913702,11024.560939000366,175.88685699774942,7997.161704002792,50.05462799999805,24.50350299841375,1.920304130919339e-14,1.9295005572286997e-11
8,2,236.7483979978715,11023.786186999132,175.24163300186046,7978.066494000814,49.697571997967316,24.267747001431417,1.4113871949380947e-14,1.5754775876469983e-10
8,3,236.74977700102318,11031.646821997128,174.9671470042813,7986.939071999586,49.6423889981088,24.193469997044303,1.986816563463159e-14,1.0000431604624707
8,4,236.52254499938863,11036.424623001949,177.05592800302838,7988.0478480008605,49.62652100221021,24.24561400039238,1.5432187464465332e-14,1.5225568521934985e-11
8,5,238.71332500129938,11046.222522001699,174.7734959990339,8004.154641999776,49.791079996794,24.183879999327473,1.3839626766745782e-14,1.966121043796249e-11
8,6,236.8682800024544,11030.714526998054,176.1785749986302,7981.575433001126,49.87601500033634,24.31151100427087,1.2409050433189047e-14,2.2553725054330234e-10
8,7,237.2309380043589,11008.012340997084,174.59199499899114,7972.908458001257,49.80774299838231,24.258183999336325,1.9613872420450766e-14,3.791988661990192e-10
8,8,236.68524700042326,11061.322056999416,177.0772060008312,7988.778959999763,49.59140500250214,24.194228999476763,1.5949146265222426e-14,2.157406279674078e-11
8,9,236.22781099948043,11080.476825003643,175.17265399874304,7986.334392999197,49.618405997534865,24.20376100235444,1.4752638180988457e-14,3.193092665101547e-10
8,10,237.15057999652345,11070.396293996964,174.9257080082316,7984.0077930039115,49.725282999133924,24.19588199700229,1.553218435604199e-14,1.0918227392451461e-10
8,11,240.39995100247324,11099.954746005096,175.67965000125696,7979.989684001339,50.185932999738725,24.50316500107874,1.8302982081481766e-14,1.2514673437502455e-10
8,12,236.80918099853443,11067.166624001402,175.68563600070775,7981.652317001135,49.84856600276544,24.38093799719354,1.0420417081058903e-14,7.532998682447085e-11
8,13,237.38726200463134,11076.654690998112,174.77372900611954,7974.576412994793,49.63455100369174,24.204345998441568,1.4441182213972205e-14,2.0134506960511157e-11
8,14,239.17497700313106,11073.025018995395,176.28082299779635,7997.1666379933595,49.9470510003448,24.533539999538334,1.6539315656404383e-14,7.006425301777929e-11
8,15,237.50778899920988,11072.689680000622,174.89640500207315,7976.923404992704,49.611876005656086,24.289226006658282,1.1844896333772027e-14,8.435202090366005e-11
8,16,237.72696000014548,11089.054521995422,175.65352500605513,7986.157749004633,49.93981699590222,24.39616900301189,1.510246580023535e-14,3.2430609751020685e-11
8,17,237.6782430037565,11110.094075003872,174.67121200388647,7986.753623998084,50.1902300020447,24.426524993032217,1.8560622810495583e-14,1.717104186037654e-11
8,18,236.1665569987963,11073.212332998082,175.5748309988121,7983.6410240022815,49.69041999720503,24.24181999595021,1.1149675065869984e-14,5.220559294700645e-11
8,19,237.26880199683364,11066.608545996132,175.95610799980932,7983.578184997896,49.634040991804795,24.259850000817096,1.5164475844326944e-14,1.844628658784886e-11
8,20,239.40890599624254,11077.908607996505,176.42468599660788,7995.567767989996,50.03043399847229,24.45315099612344,2.1179017905222948e-14,3.885568088641347e-11
8,21,238.51280500821304,11100.609865996375,176.1804600027972,7999.671541994758,50.3867470069963,24.31004499885603,1.1221234124295716e-14,6.286687421828432e-11
8,22,236.4274920000753,11076.380657003028,175.59638500097208,7989.572871993005,49.58351599634625,24.22837200720096,2.0035778091137146e-14,4.445413396935495e-11
8,23,237.34161099491757,11113.9670320008,177.6441780020832,7979.769330999261,49.71171999932267,24.33499100516201,2.0846314493221607e-14,1.901579013342554e-13
8,24,237.39397800090956,11075.07914000962,174.68950300099095,7980.058686007396,49.629582004854456,24.30036000077962,1.637017231195145e-14,1.705340197656064e-11
8,25,236.59445799785317,11093.585275000805,175.32994000066537,7985.922801995912,49.70547999982955,24.28762600175105,1.5246826224237346e-14,5.920296067367317e-11
8,26,238.158370997553,11064.660234002076,175.94666099830647,7997.511722001946,49.845320001622895,24.435683993942803,1.8926886746387735e-14,4.48964176266874e-10
8,27,237.7612849995785,11065.109861996461,175.50016099994536,7984.288775005552,49.71241200109944,24.301605004438898,1.558114188106613e-14,1.0207144157161966e-11
8,28,237.494366007013,11068.633246995887,176.7128009996668,7983.183091000683,49.64249999829917,24.31118599997717,2.1368629967081e-14,5.088542138481193e-11
8,29,237.07389399714884,11112.591099998099,174.82341399954748,7989.100438997411,49.784341994381975,24.26829599789926,1.4891034083958173e-14,6.260791036680117e-11
8,30,237.61163900053361,11063.158840999677,174.97044400079176,7979.183538998768,49.70716000025277,24.28614599921275,1.5502788187411045e-14,2.006614268033634e-11
8,31,236.897641003452,11054.65206900044,174.61554700275883,7998.212887003319,49.78846699304995,24.251612994703464,1.3029848908807542e-14,1.7921331820713224e-10
8,32,238.73764899690286,11082.220147003682,178.39365899999393,8002.469900002325,49.95856799723697,24.479535004502395,1.7641788377027163e-14,1.2529162393525817e-13
8,33,236.52059199594078,11050.943940001162,174.83409399574157,7977.796929997567,49.73733899532817,24.30047399684554,1.8450329000729624e-14,1.222656732273418e-10
8,34,238.62983899743995,11069.789421002497,175.80705300497357,7986.103506998916,49.64595299679786,24.278869001136627,1.512766283331928e-14,5.0252467439779475e-11
8,35,237.84315099328524,11116.946059999464,175.74137299743597,7984.054812997783,49.995010002021445,24.298419997649034,1.3426969482480265e-14,1.0348745062444258e-10
8,36,236.87138500463334,11067.638210995938,175.80721299600555,7981.885475008312,49.64893499709433,24.403179995715618,1.606633916531775e-14,2.713824076954896e-11
8,37,236.5503910004918,11063.01883400738,176.0708460024034,7980.642390008143,49.6691509943048,24.300118999235565,1.6720846205073735e-14,5.0733198121955664e-11
8,38,241.52817200229038,11064.231705004204,176.79969200617052,7999.735003988462,50.551093998365104,24.532101004297147,1.2507706346262839e-14,5.7269877532437936e-11
8,39,237.28244800076936,11097.104057000251,175.70324499320122,7984.8873619957885,49.79078999531339,24.267960994620807,1.4641019983222425e-14,1.9390326962331702e-11
8,40,237.37600999811548,11017.810246998124,174.92826599482214,7982.236097999703,49.72412800270831,24.384262000239687,1.6098398416309188e-14,1.3324986416171198e-10
8,41,236.07474300297326,11041.630838994024,175.69750800612383,7982.904241998767,49.5722119921993,24.28656600022805,1.3045971312411418e-14,1.6384125791122177e-10
8,42,236.097281002003,11009.130684993579,175.99882000649814,7978.706048997992,49.64624399872264,24.224123008025344,2.1194398224921258e-14,1.381886583956361e-10
8,43,236.51322899604565,11007.130924994271,175.21548099830397,7984.536126998137,49.76394000186701,24.28995299851522,1.5688697486315117e-14,3.69114743142255e-11
8,44,236.1274249960843,11038.904466997337,175.31137300102273,7989.0266849979525,49.78729699723772,24.59516400267603,1.9262165187202975e-14,1.0961346446839964e-11
8,45,238.22697500509094,11036.101018002228,175.25121900325757,7983.614685988869,49.71275500065531,24.299774995597545,1.42360647243453e-14,5.13752935187989e-11
8,46,236.1328030056029,11034.528132997366,175.64697399211582,7990.107292003813,49.62771400096244,24.26121099779266,2.4568668626257935e-14,3.247618559706995e-13
8,47,237.0008989928465,11040.025809004874,174.99693599893362,8004.979751003702,49.80107900337316,24.354435001441743,2.118936221155602e-14,4.987223873487992e-12
8,48,237.13609900369192,11038.958995999565,174.78390600081184,7983.258600997942,49.6079069962434,24.29196900993702,1.8620115736106566e-14,8.459492287080096e-11
8,49,237.8197789985279,11030.526707003446,176.13063299722853,8010.00339500024,49.75285699401866,24.32418299576966,1.7973888907237308e-14,4.203476223144053e-11
8,50,236.29191099462332,11013.122019001457,175.469524008804,7978.8508050041855,49.646003997622756,24.29248900443781,1.7758653609262023e-14,5.573374396101192e-12
8,51,238.96557800253504,11054.754073997174,174.50783000094816,7987.89410399695,49.778116001107264,24.55603799535311,1.7299146810737424e-14,4.394124725735075e-10
8,52,238.40817599921138,11019.570428994484,175.0641650032776,7988.763200992253,49.70227500598412,24.23978799924953,1.6575940045697654e-14,1.324481783582023e-11
8,53,236.2969730020268,10999.893176995101,174.66069500005688,7979.059974997654,49.840162002510624,24.18779200525023,2.3905691583233713e-14,4.8601277515229865e-11
8,54,236.06225399271352,11026.516212001297,174.71716599175124,8002.7817219961435,49.61296600231435,24.257564004074084,2.2502630100733882e-14,4.9388929913300524e-11
8,55,235.72482600138756,11030.597396002122,175.00275099519058,7997.187655000744,49.717850000888575,24.277627002447844,1.808827240648917e-14,2.5177331806657286e-13
8,56,237.10322799524874,11020.56159100539,176.06635999982245,7994.760413999757,49.631268993834965,24.22368200495839,1.6434652529852072e-14,1.3545304681166725e-10
8,57,237.76271600218024,11043.762040997535,175.24442499052384,8009.5005389957805,49.65469099624897,24.30910999828484,1.969617841992971e-14,2.3739455037823023e-11
8,58,236.18913999962388,11026.516475998505,176.51633200148353,7982.701550994534,49.68032700344338,24.20331300527323,1.9841597654260576e-14,3.125347362452837e-11
8,59,237.15675999847008,11013.992895004776,175.07709500932833,7974.2800389976765,49.83768900638097,24.356148001970723,2.1034547889602026e-14,2.8029825054285758e-14
8,60,237.1404010009428,11057.753458007937,175.15963499317877,8001.037728998199,49.73279300247668,24.336420003237436,2.1750367046620972e-14,9.312347830418289e-11
8,61,237.32446700159926,11055.042502997821,175.67596200387925,7984.217798006284,50.06858399792691,24.47272400240763,1.2556338136398155e-14,2.0688646736967312e-10
8,62,237.3701720025565,11067.046689000563,175.14722099440405,7980.353334998654,49.8423439967155,24.22542599742883,1.523906581200557e-14,4.505698155167188e-12
8,63,236.21731098683085,11070.428061997518,175.1899660048366,8005.017138002586,49.57533800188685,24.209551003878005,1.6116939741846348e-14,4.052583919723183e-11
8,64,238.8540119973186,11074.587410996173,175.9887840016745,7978.796302002593,50.04591099714162,24.476166006934363,2.0644671079528014e-14,4.661546784311022e-16
8,65,238.09682299543056,11042.740231005155,175.01369699675706,7980.831149005098,49.973633998888545,24.335868994967313,1.5796710388173718e-14,5.116498324334669e-11
8,66,236.3507030022447,11069.417377006175,175.81374499786762,8008.336272007,49.61971800366882,24.27744400119991,2.5594108950093096e-14,1.532667149934526e-13
8,67,238.8919650002208,11067.418828013615,176.4138339967758,7998.660804001702,49.86404099690844,24.33729499898618,2.037954121485076e-14,3.3937606651025385e-14
8,68,236.71750300491112,11046.254116001364,175.765901003615,7973.934627993003,49.67551200752496,24.25678399595199,1.678626084147141e-14,1.2573800130085594e-11
8,69,238.64256200249656,11071.07822699254,175.59953199815936,7990.191449000122,50.36630999893532,24.818530007905792,1.8213547746596907e-14,2.613291818869654e-11
8,70,236.74008500529453,11053.845199992793,174.13527599637746,7981.074832001468,49.70556099578971,24.316081995493732,2.3368040551422913e-14,2.340292120098179e-11
8,71,238.2124450050469,11054.810727993754,175.53643800056307,7986.831460006215,49.65240099772927,24.319690990523668,1.8499444234227213e-14,4.535507390167823e-11
8,72,236.7483250091027,11075.01522199891,175.26964799981215,8009.739950997755,49.69128000448109,24.303394995513372,1.8850678182893915e-14,1.381809446535572e-11
8,73,236.0455429952708,11056.4212079953,175.43224699693383,7987.1124570090615,49.62586499823374,24.285994997626403,1.9434677520243928e-14,1.5787594089748782e-10
8,74,238.19582099531544,11056.671208996704,177.9242409975268,7985.635780998564,49.59868600417394,24.261077000119258,1.9443225366417204e-14,3.1160845206235826e-11
8,75,237.55177700149943,11048.476824005775,174.837540002045,7972.505922996788,49.82735199882882,24.625117010145914,1.6426389195079924e-14,1.1195124462342356e-10
8,76,237.0769540029869,11011.233610002819,174.22630899454816,7983.267854000587,49.6365449980658,24.328203002369264,1.4559345955431704e-14,7.34441511320645e-12
8,77,237.01527900630026,11033.041271995899,176.37408299924573,7997.7924170016195,49.4984680080961,24.240540002210764,1.730203942709663e-14,9.059006102332724e-12
8,78,238.5946030044579,11007.172684992838,174.36710300535196,8016.324450007232,50.007151996396715,24.503815999196377,1.635534352281215e-14,1.1166756094363926e-10
8,79,236.60995699538034,11029.773829999613,176.2613629907719,7994.047427004261,49.702859007084044,24.319158004800556,1.7992834732115062e-14,2.7877856919694865e-11
8,80,236.89657200520742,11026.235552002618,175.1854279973486,7995.440740000049,49.75008699693717,24.283026999910362,1.656224324187452e-14,1.0000438618959937
8,81,237.18018200452207,11040.90313699271,176.09130300115794,7977.172900995356,49.73389800215955,24.263726998469792,1.7532648489515908e-14,1.0415850323712571e-10
8,82,236.4817470042908,11011.795593996794,174.26828399766237,7972.614569000143,49.8504480055999,24.334909005119698,2.0965704659687193e-14,3.7090663808795644e-11
8,83,237.2912360006012,11014.130842006125,175.0225649921049,7981.902961000742,50.10364800909883,24.471332995744888,1.1602413976428615e-14,9.0391938515885e-11
8,84,236.24498899516766,11026.6722080014,174.8695009991934,7991.0729299990635,49.77004599641077,24.34642099615303,1.510171780914308e-14,6.986502935342785e-11
8,85,236.55977800444816,11010.972323001624,174.9567630031379,7987.808138004766,49.87355999764986,24.312416000611847,1.4220433817661446e-14,1.3213435122461027e-10
8,86,236.84276399580995,11022.23269699607,175.12667099799728,7978.711971998564,49.6099919982953,24.28016900739749,1.8493068896359484e-14,6.858947814304856e-13
8,87,237.67939500976354,11016.866276997462,174.152668001625,7995.59874899569,49.678834999212995,24.35868799511809,1.5847884279446395e-14,5.540170352930806e-12
8,88,237.148578002234,11056.117799002095,175.6072710013541,7991.523505002988,49.61980901134666,24.380493003263837,1.3158255663272747e-14,2.129737446889145e-11
8,89,236.79200900005526,11015.97983800093,174.71693699917523,7983.456567999383,49.70940099519794,24.34323000125005,1.5240529024289364e-14,3.0205839272948716e-11
8,90,236.65160299788113,11003.113415004918,173.89212700436474,7982.9679429931275,49.926306997804204,24.301403002027655,2.3576731303069168e-14,1.2672895924880642e-11
8,91,236.85096799817984,11024.127679003868,173.83547699500923,7987.990260004153,49.653985999611905,24.332761004188797,1.4213114475732223e-14,2.833677053238859e-10
8,92,237.1352480004134,11011.226224993152,175.25207100334228,7978.549680996366,49.71717099761008,24.22424399992451,2.0124538764364058e-14,3.6072681785338645e-11
8,93,236.98266099381726,11006.298026004515,175.54540900164284,7976.512644996546,49.625733994616894,24.3299269968702,1.5367664420761054e-14,9.942534030003203e-11
8,94,236.78731200561742,11045.104620003258,175.51796100087813,7981.249651991675,49.75296600605361,24.338097999134334,1.5914229060016573e-14,4.287121493140739e-11
8,95,236.9418430062069,11015.932898997562,175.37210500086076,7975.672525997652,49.714621000021,24.336028000107035,2.3139999679502408e-14,1.000033064784705
8,96,237.14518299675547,11013.473555005476,175.43188899799134,7975.980711002194,49.83388799519162,24.240315000497503,1.9222499356839764e-14,1.1807592311784127e-11
8,97,238.05238599379663,11067.786182993586,174.6388010069495,7971.679197002231,49.774439987231744,24.305455004650867,1.9946771741237366e-14,7.285961947615587e-12
8,98,236.78545500297332,11043.292504011333,175.309540994931,7989.962283008936,49.69966399949044,24.32035200035898,2.2043735119733456e-14,1.0000416209102947
8,99,237.40584300321643,11055.378563993145,175.58375500084367,7979.766835000191,49.662270004773745,24.274098992464133,1.898289392365411e-14,1.0000290622236436
16,0,1584.935950995714,43917.10799399152,359.57828499522293,32879.657891000534,99.65059000387555,234.19366299640387,1.3733859511970727e-14,1.1801690922407267e-10
16,1,1592.0968830032507,43601.59284100155,359.9338810017798,32830.87007100403,99.80067399374093,235.1988119953603,1.2426183943567566e-14,1.000054191764887
16,2,1588.6110639949038,43528.90293201199,358.70616100146435,32814.01398899834,99.62630900190561,234.4534739968367,1.4245186604269638e-14,9.3373905092837e-11
16,3,1590.089801018621,43759.367066006234,360.7158399972832,32871.03589800972,99.76194299815688,234.31270498986123,1.3975405645042564e-14,4.8750022812309746e-11
16,4,1593.4677639997972,43600.39742800291,358.6271860040142,32827.380712002196,100.19850299795507,236.67723100152216,1.819635393426258e-14,2.763784209138989e-09
16,5,1597.2446689956996,43458.67673599423,357.86900299353874,32802.81479000405,100.4466299964406,236.19574200347415,1.3290771661576782e-14,1.0000887362267787
16,6,1589.360359001148,43584.97228998749,358.05389300367096,32850.38363200874,99.65910200480721,234.43145399505738,1.3683957433590283e-14,1.2225993598046619e-09
16,7,1589.9312930014275,43424.00509300569,358.635653006786,32844.7744849982,99.78442199644633,234.75194500133512,1.2684085538640861e-14,1.2519245774533647e-11
16,8,1589.9747290095547,43416.34815298676,358.5366300030728,32817.113069006155,99.68911800388014,235.04524400050286,1.4705512527207618e-14,1.0001382729931705
16,9,1587.7393200098595,43546.30022699348,358.74187801164226,32817.905363001046,100.08047700466705,234.85095500655007,1.4235763001853972e-14,1.387288107919848e-10
16,10,1588.727802009089,43599.38353400139,358.3254650038725,32834.79647100103,99.69674699823372,234.70920699764974,1.4168086688025801e-14,5.721646894871013e-11
16,11,1593.1248670058267,43555.6497809921,358.7374579983589,32834.44164399407,99.7911680060497,234.58113599554054,1.474820567145657e-14,2.1018520031140624e-09
16,12,1593.0427330022212,43590.14609398946,361.473561013554,32838.429696003004,100.0460950017441,235.282311001356,1.2262749726170134e-14,1.0000685146096913
16,13,1591.2499429941818,43645.58579899676,360.16681600449374,32821.62676399821,100.39924300508574,235.74317800375866,1.3341353992911828e-14,1.0756119188600166e-10
16,14,1590.9925000160001,43598.08061000149,358.9351260125113,32825.49983200079,99.88344699740992,234.67254899878753,1.2815191912598844e-14,6.343081184156063e-11
16,15,1589.9727970063395,43507.33945300817,358.6906960044871,32800.383151999995,99.71361199495732,234.33806599859963,1.5479873977484305e-14,2.367133931118468e-09
16,16,1593.528969991894,43446.26067900026,358.392959991761,32823.42797099773,99.63677799532888,234.7214969995548,1.367703325666987e-14,2.4084346378166614e-09
16,17,1598.1223119961214,43610.318541996094,358.54467599710915,32864.545512991754,100.2911750038038,236.21833900324418,1.4079326420971053e-14,1.5348719981905431e-09
16,18,1590.2199069896596,43597.98854100154,358.78751700147404,32803.86197899497,99.69842800273909,234.34326799906557,1.3187818628306245e-14,1.3089804004025928e-09
16,19,1589.0812780016859,43619.1411280015,362.95505800444516,32844.45549099473,99.77039899968076,234.97101200337056,1.4248850702116243e-14,5.699790777324889e-10
16,20,1589.2349439927784,43641.81622099932,361.87435199826723,32812.31970400768,99.88265500942362,235.03323000477394,1.29527984420705e-14,8.246388355018915e-12
16,21,1590.5483919923427,43809.65013699824,361.14199100484257,32839.2995519971,100.15056900738273,235.81318900323822,1.2104046897338158e-14,8.090444279074076e-10
16,22,1588.4490349999396,43618.4438990058,360.0244090121123,32839.77132200744,99.74319100001594,234.18766699978733,1.3612435836351326e-14,1.0001628192081686
16,23,1587.6965889910934,43509.399000988196,358.4059810054896,32810.20284199258,99.80854199966416,234.73754800579627,1.4858292116095884e-14,1.0000471630966314
16,24,1588.6924590013223,43586.28152399979,360.92535100033274,32806.17645899474,99.6986550053407,235.2538830054982,1.568525037449334e-14,3.1679213528238825e-09
16,25,1587.6258409953152,43556.818846998794,357.63804399903165,32844.53008699711,99.78552999382373,234.53875699851778,1.4145166735718603e-14,1.6270914598976532e-11
16,26,1589.717581999139,43647.16806400611,359.4340670060774,32826.9711920002,99.7331079961441,234.2724830014049,1.4083440667180433e-14,1.187440879138267e-10
16,27,1590.4543039978307,43564.0435680034,358.76884900790174,32796.68935600421,99.75378900344367,235.27534899767488,1.1723917591306626e-14,3.6746634458277044e-09
16,28,1594.9035300036485,43593.92693200789,358.8824740036216,32844.88497000348,99.92814900033409,235.49842700231238,1.4902732101719233e-14,1.0001448222875253
16,29,1599.8095750037464,43853.46545098946,359.45761499897344,32873.61432499529,100.26886699415627,235.84264500823338,1.2024336634067306e-14,4.261538408801255e-09
16,30,1591.489376998652,43646.07537499978,359.1550060082227,32835.002698007884,99.87030999764102,234.64741500356467,1.348119921315269e-14,2.2000568961377355e-09
16,31,1595.5869349963905,43762.82379899931,362.83894999724,32930.61737300741,99.84378100125468,235.10589800207526,1.556365384386572e-14,2.7363008388751666e-10
16,32,1601.12881700843,43770.252197991795,359.86978599248687,32815.34624800406,100.39168899675133,235.81828699752805,1.4760643329895196e-14,2.043124431920073e-10
16,33,1596.7960170055449,43544.37256399979,358.7685420025082,32816.9234960078,99.8623990053602,234.9700179984211,1.1850331202651278e-14,6.435466463635076e-12
16,34,1590.0727709922649,43432.02541599749,359.02284100302495,32803.18641899794,99.68831300284364,234.75618799420772,1.3969094699337795e-14,1.0001378571676545
16,35,1588.7483919941587,43462.002167008905,358.61705800925847,32832.104737997724,99.73598500073422,234.5635259989649,1.2648451374480192e-14,0.9999999998248139
16,36,1588.6188410040631,43608.926385000814,360.8931310081971,32813.727677003044,99.97227999701863,235.22382298688171,1.2458915987589845e-14,1.8818119318368036e-09
16,37,1590.740970998013,43643.61506299974,359.45759800597443,32845.567925007344,99.99912400598987,235.92552099216846,1.3713804079143173e-14,2.529818972574137e-10
16,38,1593.762123004126,43570.57902399538,357.86950901456294,32877.0448440082,99.75311400557985,234.6140550034761,1.3297047888072045e-14,1.5079602651351202e-11
16,39,1594.8068670040811,43480.08739800207,357.37459498704993,32805.99909900411,99.96955499445903,234.6328359999461,9.797681329555637e-15,9.452943759065346e-10
16,40,1589.9581329940702,43455.52892200067,360.84523700992577,32791.79292899789,99.8959670032491,235.47997499917983,1.5867917099439652e-14,1.0001049082431173
16,41,1596.7791590046545,43539.040075997036,360.3389130003052,32802.28928199358,99.56032399350079,234.3565920018591,1.481590629134464e-14,4.5055533654019603e-10
16,42,1596.3930529978825,43548.77705800027,358.4293810017698,32809.029292009654,100.05942600764683,235.30739599300432,1.1352679340770972e-14,2.619876842322678e-09
16,43,1585.9692429985444,43501.902536008856,358.18813899823,32803.068573004566,99.86003399535548,234.85242300739628,1.2629850090911817e-14,2.6336377988809166e-10
16,44,1588.2195669983048,43490.652221003984,358.3896799937065,32797.478714001045,99.68594000383746,234.73413600004278,1.5806650147669364e-14,1.0909641883824293e-12
16,45,1587.6200220045575,43647.893926005054,358.50465199837345,32825.215313001536,99.71893101101159,234.4083300049533,1.436237898638834e-14,7.014731714159304e-10
16,46,1591.1365900064993,43816.24410499353,361.250542999187,32832.294162992184,99.58588899462484,234.66507601551712,1.5751555181061097e-14,8.112795352636875e-12
16,47,1592.8973029986082,43633.200619999116,357.2456020010577,32807.765619993006,99.8471869934292,234.60199600231135,1.4097605465495524e-14,7.048455235452552e-09
16,48,1599.6000739942247,43608.91051299404,360.2336460025981,32837.747571004,100.0015999925381,235.84275300163426,1.3956977519622706e-14,2.289587022759903e-09
16,49,1592.3838820017409,43720.34547299336,359.6369619917823,32836.22604700213,99.99281901400536,234.703598987835,1.2432051895562535e-14,4.327943510914891e-09
16,50,1593.4756830029073,43765.256513004715,358.7179459937033,32809.03440700786,99.6750700105622,234.47671200483455,1.4695672880309283e-14,3.923346833368727e-10
16,51,1588.5695469987695,43780.93823099334,357.8958100042655,32844.67364700686,100.10943698944175,235.74856000414002,1.4188952916719317e-14,9.016385445887096e-10
16,52,1597.1918270079186,43779.310109002836,358.342805000575,32852.265464000084,99.82196599958115,234.81928899127524,1.2102212011079021e-14,3.9012583119553424e-09
16,53,1605.331462000322,43779.64050800438,362.69011900003534,32901.43989301214,99.90085600293241,236.03715601348085,1.328384501461685e-14,1.268110541484288e-12
16,54,1591.9438499986427,43680.99763299688,359.5356749938219,32925.57757399118,100.14435799894272,235.2194400045846,1.2444034327552718e-14,1.2629434829798282e-09
16,55,1590.0091859984968,43697.35349000621,361.7831940064207,32933.97374399137,99.88118900218979,235.05911599932006,1.3965549846753945e-14,3.466778349572623e-09
16,56,1589.9546529908548,43661.49946598307,360.5628299956152,32954.51265700467,99.88402900125948,235.2749970050354,1.2868386371843923e-14,2.145104446745471e-11
16,57,1593.1556230170827,43640.01501099119,360.3630829929898,32931.41489899426,99.97018499052501,235.38150899548782,1.4960322629959715e-14,3.2295385491028246e-10
16,58,1593.1990859935468,43585.294291995524,358.67348199826665,32913.76488799506,100.04360299717519,235.54694998892955,1.6116407422044265e-14,1.0094253355045792e-09
16,59,1588.282934997551,43549.45153600784,360.49762699985877,32896.5882239936,100.11314900839352,235.75677699773223,1.9989333567114906e-14,1.000047799192248
16,60,1589.3708469993726,43511.991478997516,359.47921199476696,32901.59836300154,99.82566600228893,235.077592999005,1.241626367026129e-14,8.4043677723278e-10
16,61,1597.7759900051751,43564.693438001996,359.3752050001058,32977.60341799949,100.08459000164294,235.5402320063149,1.5611604832195077e-14,4.6298304768421733e-10
16,62,1592.020968993893,43574.58701300129,359.66600100073265,32928.28334099249,99.90947300684638,235.3841529948113,1.467961553330465e-14,3.3538716886900394e-11
16,63,1588.4181199980958,43610.707785996055,359.0790560010646,32904.14488499664,99.94213500249316,234.98589901282685,1.421587064924378e-14,1.4539571581863894e-10
16,64,1593.4855609957594,43612.08671499844,359.80938200009405,32916.533349998645,100.15623899380444,236.10440399352228,1.5188201703352064e-14,5.716808088358281e-11
16,65,1588.5044389979157,43559.45417699331,359.85627599438885,32899.631443986436,100.06641199288424,234.9988379937713,1.4641081862252907e-14,6.906115034966325e-10
16,66,1591.3164600060554,43541.104134004854,360.1577319968783,32900.79625800354,100.01034398737829,235.24685700249393,1.4254338177238142e-14,1.0000840944540863
16,67,1593.8390729934326,43617.498440005875,359.7460859964485,32940.251420001005,99.99276099188137,235.49397599708755,1.193861938373034e-14,1.0000947518509873
16,68,1591.364864998468,43500.93172499692,359.0264180020313,32925.91950499991,99.97125800146023,235.02546500458266,1.394519111885787e-14,1.8564800603179592e-09
16,69,1588.076378000551,43562.66350199439,360.6752189989493,32883.43397999415,100.21959499863442,235.32120400341228,1.4139863148644333e-14,2.506966736038075e-10
16,70,1592.4085440019553,43518.14638300493,358.9116639959684,32911.56451799179,100.13908799737692,235.54254800546914,1.3752529726429341e-14,2.1595377828676026e-10
16,71,1593.4343479966628,43592.827529988426,360.7920440044836,32895.864339014224,99.98445799647016,235.58805099673918,1.3302284753301495e-14,1.0744040503588458e-09
16,72,1591.9269260011788,43542.40566800581,361.09814700466814,32938.13644499096,99.98917700431775,234.98156299319817,1.0556641313407969e-14,2.812272456384657e-09
16,73,1587.4771010021504,43622.604124000645,359.77688699858845,32938.42580799537,100.08430100424448,235.0035020026553,1.2493019865892983e-14,1.7323947697868986e-09
16,74,1592.2865260072285,43730.074307000905,363.15981600273517,32917.92015399915,99.84686800453346,234.99838999850908,1.5130636487317363e-14,2.8588302853177913e-10
16,75,1599.9925429969153,43579.768528994464,359.52443900168873,32894.76402799119,100.69077099615242,236.09894900073414,1.557147296797944e-14,4.641406159442843e-10
16,76,1590.632886003732,43553.14979301329,357.18955999982427,32912.95120100767,100.0442439908511,235.55953500181204,1.2786017405603352e-14,3.626737670809227e-09
16,77,1591.662806000386,43764.048016986635,359.9379940023937,32932.974973002274,99.80569899926195,234.7241430034046,1.4212823018035626e-14,1.000039082784792
16,78,1588.0944729979092,43706.03430000483,360.22823500752565,32922.77602199829,99.9357719992986,234.98773200481082,1.7841489131472476e-14,1.1231469621637129e-09
16,79,1592.7224389961339,43706.366263992095,362.2697579958185,32877.84699900658,99.78391899858252,234.55041499619256,1.353415424028894e-14,2.419367178960185e-10
16,80,1595.0711109944677,43676.69060500339,359.9501209973823,32929.228885994235,100.6307219977316,236.97274899677723,1.5105343955627685e-14,1.0000308943532785
16,81,1598.6642650095746,43789.84079800284,362.3050350070116,32935.236627006816,99.77627900298103,234.82870400403044,1.5189623591811543e-14,9.54887844613351e-09
16,82,1590.2156140036823,43716.36064199629,361.10835999352275,32926.425150992145,99.91104200526024,234.88667199126212,1.1902009987655628e-14,4.7873394203401496e-11
16,83,1590.828930009593,43684.05137501031,359.864293011924,32917.01645899957,100.13445100412355,236.01895801039063,1.402901707438854e-14,5.531966859754356e-10
16,84,1592.758775994298,43774.100437000016,359.6340389958641,32878.01908599067,99.98260800057324,235.01890499755973,1.2670638571261625e-14,2.3367576116751355e-09
16,85,1588.925685005961,43543.58055800549,359.09325900502154,32912.549873006355,100.05960300259176,235.87528400457813,1.471382176115567e-14,3.8261924691734915e-10
16,86,1591.5393040013441,43540.62448699551,357.96363599729375,32940.15296200814,99.78256400063401,234.82433500976185,1.2408045979326916e-14,1.3305666005497803e-09
16,87,1592.7385269969818,43643.657136999536,359.48977900261525,32909.517210006015,99.97258999646874,234.92520300715114,1.324461685140988e-14,4.431700470121238e-11
16,88,1594.5885649925913,43706.30618600262,360.61316401173826,32936.89469700621,99.93351000230177,235.47193400008837,1.3708742353662646e-14,1.5760852280114916e-12
16,89,1600.4317889965023,43681.198325008154,360.84894600935513,32952.98733900199,100.34040400205413,235.79886199877365,1.2948507188975538e-14,7.244653758202003e-10
16,90,1594.8009339954297,43716.777568002726,361.0121709971281,32979.90007399858,100.23348099639406,235.18811099711456,1.3318329888157465e-14,2.7910812220041854e-10
16,91,1592.1249390048615,43732.22824598997,360.96052698849235,32910.59987900371,99.8988639912568,235.18281699580257,1.5036727459615633e-14,1.5744926699019832e-11
16,92,1589.6334490025765,43648.09397299177,358.61583699443145,32911.70611099733,99.99310398779926,235.0746730080573,1.7045438402782964e-14,4.604430144666273e-10
16,93,1592.2197220024827,43700.313921006455,361.8093679979211,32910.29016700122,99.81515699837473,235.23523899712018,1.139954717547939e-14,4.275914201339641e-09
16,94,1594.0586750002694,43662.27266300848,359.66465000092285,32984.818944001745,99.82464199856622,235.49034100869903,1.5320639941586617e-14,2.0265645926474053e-10
16,95,1593.567861993506,43649.70327199262,360.22896099530044,32900.345718993776,99.72726499472628,234.60610700567486,1.1775401959675897e-14,1.045769701233658e-09
16,96,1590.129780008283,43518.00579901101,359.572956993361,32885.17830300043,99.94152000945178,234.70063199783908,1.447039453825837e-14,2.6561477187046002e-11
16,97,1594.1608819994144,43501.39816199953,361.0825250034395,32900.29760899779,100.0413489928178,235.43842999788467,1.2218019497573712e-14,1.9356341678968937e-09
16,98,1591.6148019896355,43544.09082700295,359.20962799718836,32907.74276299635,100.4129110078793,235.27932399883866,1.506717266590323e-14,4.901240567945095e-10
16,99,1593.2388939945668,43524.0344219892,360.32153800624656,32919.72653199991,100.03862500525429,234.62964699865552,1.5813711017459125e-14,4.0168617414465405e-10
32,0,11527.953193006397,173676.50007499105,744.7885140027211,133953.48251200994,203.59588598512346,2956.1239820104674,1.245763896219571e-14,0.9999999969557938
32,1,11547.791827997571,173209.730700004,745.7829560153186,133806.1821470037,204.59952800592873,2964.7079989917984,1.2212660198766823e-14,0.9999999946559881
32,2,11561.866216998169,173771.50534200337,747.9332609873381,133918.06288498992,203.46397999310284,2962.2011560022656,1.2769662792345878e-14,1.458276953929659e-08
32,3,11548.876046021178,173738.26902999645,749.8954489965399,134070.5473679991,203.24429799075006,2958.344952985499,1.2206337634013987e-14,1.4629088304277947e-09
32,4,11540.763960008917,173465.99076799612,744.6761789979064,133845.88126299786,203.60820600762963,2960.4367269894283,1.2586069350735508e-14,2.7639419633002256e-10
32,5,11560.005192008248,173088.93223100677,745.4154000006383,133866.25584499052,203.50267299363622,2962.0778589924157,1.2482692854384721e-14,7.610822068822738e-10
32,6,11536.942297992937,173322.487319012,745.582782994461,133854.04220797864,203.13203500336385,2963.531605011667,1.2520727026267451e-14,3.669823223759559e-08
32,7,11546.68882700571,173858.48897598407,748.1178810085112,133859.6949610037,203.59500399717945,2966.241134010488,1.2496535311244315e-14,8.465519654773478e-09
32,8,11554.395374994783,173965.36853700673,747.3255699987931,133886.89630401132,203.57982800123864,2965.7940859979135,1.1821078231916372e-14,1.0002890575778545
32,9,11553.562623004836,173242.74365299425,749.1784629892209,133939.44994300182,203.4241380097228,2978.4994769979676,1.2289837374769986e-14,0.999999999759249
32,10,11563.435804018809,173655.90103900104,746.6326530011429,133900.73124900664,203.75891699950444,2969.00618500149,1.2375829754575406e-14,2.2149675192501478e-08
32,11,11560.775986006774,173729.54035899238,746.5798519915552,133871.41855998925,203.69366301383707,2977.819288997125,1.2312879355940756e-14,1.0002629619958527
32,12,11573.87359999484,173435.59334699967,746.941154004162,134052.80647999825,203.39961399076856,2979.044673997123,1.1985486397074823e-14,4.004382905625453e-09
32,13,11552.811499994277,173278.44234199074,746.9004379963735,134060.09211099445,203.2898390025366,2974.2255109922553,1.1843478434973916e-14,0.9999999958036729
32,14,11572.046290013532,173339.01924799648,744.5074399947771,134070.74094700147,203.51880899761454,2969.7552530087705,1.1929950695121792e-14,4.864682637649923e-10
32,15,11564.958746002958,173993.65930000567,747.261183008959,134220.43541401945,204.63384800314088,2983.340614988265,1.197492960473669e-14,9.455358984046837e-09
32,16,11556.705665010668,173871.16477299423,745.5746449959406,134344.50227599154,203.84342599572847,2963.6084499834396,1.1978279238559209e-14,1.7487156337779744e-10
32,17,11543.688377991202,173609.45502502,745.630411998718,134155.43447199525,204.62877000682056,2967.1176580122847,1.2296667400281723e-14,9.082578952423783e-10
32,18,11556.531085992901,173497.8697730039,744.7938390105264,134139.1929670026,203.70162300241645,2964.148325008864,1.2680115455159525e-14,7.981465927842228e-08
32,19,11554.285025009449,173590.94252600698,746.2650489869702,134084.89051599463,204.14829401124734,2967.1079390100203,1.1867332262551438e-14,5.755651909484465e-09
32,20,11563.633385001594,173706.31787299135,745.9554159977415,134102.37111200695,203.57899300870486,2951.5310890055844,1.3154289794845905e-14,0.999999996986725
32,21,11544.787749975512,173190.96702000388,743.7807889946271,133363.36939600733,204.04647001851117,2974.8297349797213,1.2131361845228026e-14,1.0000878105250237
32,22,11573.770877963398,173230.24813600205,742.1154039766407,133972.68454698496,203.69437296903925,2965.539691984304,1.2880627722765866e-14,1.0000262380065887
32,23,11536.021708983753,173149.63108100346,742.9180369799724,133403.63257201534,203.01764401665423,2961.5410469923518,1.2062036819920944e-14,2.828348516156202e-10
32,24,11529.508860046917,173423.11390402028,744.8868009960279,133545.1671990013,203.22023401240585,2959.520683987648,1.2650328467477243e-14,1.5846925937725662e-10
32,25,11538.134407011967,172849.0140770009,742.4857950027217,133414.33722704824,203.884932998335,2964.1425279987743,1.2258098976409695e-14,6.71115971044471e-09
32,26,11550.747172994306,172872.41778299358,742.356648988789,133420.5943880006,203.14313100243453,2964.9680410366273,1.1819796708260454e-14,2.7435268722468096e-10
32,27,11541.77244001039,173041.00409799867,742.1584380062995,133432.39295599778,203.5543019810575,2977.019041973108,1.3260311401145865e-14,1.3292240768912526e-08
32,28,11534.532869016402,173371.98284600163,744.7638970334083,133478.77849198994,203.62134398601484,2965.241685975343,1.212121120787523e-14,6.099058578328973e-08
32,29,11559.600837012113,173393.51817100396,743.8370769814355,133436.85100402217,203.57800399506232,2963.888826969196,1.295033431352829e-14,1.0002425954178233
32,30,11535.341947004781,172949.78996499412,742.5106419541407,133442.728324997,203.4238560081576,2959.024584000872,1.2244274465589995e-14,7.493903444267092e-12
32,31,11562.219041006756,173141.83276498807,743.6844790208852,133445.47063902428,203.66280700545758,2966.889539035037,1.1962766617876755e-14,1.000276174842731
32,32,11557.3350199993,173075.6653920107,740.3364450219669,133464.26503901603,204.1299280099338,2967.5726700152154,1.3593430395471698e-14,1.2914665867900542e-13
32,33,11545.840076993045,173467.49813702627,744.9665159801953,133521.52270198712,203.6523720016703,2967.2042980164406,1.1756224794458719e-14,1.9114751640694384e-08
32,34,11561.153613001807,173520.5650240241,746.6125069840928,133555.6602430006,204.41663300152868,2975.6666340035736,1.2459175833521394e-14,1.319854238925824e-10
32,35,11552.14826300653,173454.6921800138,745.1768330356572,133476.21231395897,203.69182299327804,2972.988149995217,1.2217859225624564e-14,1.7051558975373442e-10
32,36,11560.092838997662,173596.45563499362,744.8293159832247,133572.18574801664,203.07816999411443,2975.5996980020427,1.2701790464481525e-14,0.9999999993980802
32,37,11546.630238037324,173343.40346601675,744.2772900103591,133484.8469770077,204.00559197878465,2978.48187899217,1.183354910699131e-14,1.738140986884567e-09
32,38,11550.312837011006,173425.62510403513,743.7977120498545,133508.71968599677,204.2375670207548,2971.6053460215335,1.2606078407073699e-14,4.784981762491976e-11
32,39,11561.993030991289,173597.95862001192,746.1247259998345,133542.2778770153,203.5367909775232,2965.6741910002893,1.2474244724702523e-14,1.0001449918195038
32,40,11541.186132002622,173282.25853598997,744.9398530079634,133494.2413119934,203.59478602040326,2971.452869998757,1.2931896673949603e-14,1.0002483502165884
32,41,11545.482746012567,173530.78893099155,744.4187000146485,133537.08178404486,206.13710200996138,2976.9568759875256,1.165852718499281e-14,2.0631307880198763e-10
32,42,11545.368727995083,173388.19577200047,743.4327349983505,133464.47552701284,203.61225101078162,2968.608460985706,1.2499334954640593e-14,2.4036469398186196e-08
32,43,11548.480882978765,173106.43482799787,742.197124993254,133437.49429600575,203.5408929878031,2974.982846986677,1.2192916390246683e-14,1.0004103106445266
32,44,11542.506983008934,173041.48322102265,743.4977460143273,133533.00305100856,203.48562198341824,2975.9520110092126,1.320318657044345e-14,0.9999999994031874
32,45,11562.628678017063,173344.56178099208,745.432883988542,133613.08444701717,204.26508202945115,2979.204541981744,1.2788829354434518e-14,2.8339284046099895e-08
32,46,11546.82272698119,173542.53068401886,746.8352379946737,133569.59005199315,203.9246859785635,2972.631147989887,1.2763481524423243e-14,1.6427879428881274e-08
32,47,11561.750128006679,173080.98913198774,741.3361900034943,133487.15280702163,203.97843399405247,2970.3908219962614,1.2292772915203309e-14,1.0002550833296335
32,48,11541.630984997028,173046.95787300443,743.4360429906519,133529.1174780068,203.80941902840277,2970.948985996074,1.3439079714740245e-14,1.0002784545129382
32,49,11532.106457001646,173359.89643799257,745.3174380352721,133526.28173103585,204.07676501054084,2970.35436402075,1.190281456536295e-14,7.925901833239033e-08
32,50,11600.921551013016,174863.94021697924,759.6609810061636,134115.7810020013,203.77115501469234,2980.37681500864,1.2523547844103546e-14,5.393447156630232e-09
32,51,11550.444426982722,173339.5974220184,742.8093900161912,133450.39056400856,203.42917397647398,2983.3283009866136,1.3062167668308379e-14,5.629601392108402e-10
32,52,11570.324379012163,173168.40439798398,741.2599290109938,133524.10375500767,203.20856998296222,2971.4682949561393,1.3321052813560229e-14,4.153945752565274e-10
32,53,11543.955769018794,173119.98285101436,743.97678700916,133477.15054798027,203.8309659983497,2974.539251976239,1.3033532285284138e-14,2.7639574808285067e-10
32,54,11547.0498359864,173121.1125270056,741.7722089739982,133463.72268399136,203.6282499830122,2975.593355993624,1.2925006459180053e-14,1.2753867211717326e-15
32,55,11546.179712000594,173251.71150702226,742.464860988548,133482.61033598828,204.2974099967978,2972.5188120210078,1.2091798919102068e-14,2.195715524799495e-09
32,56,11539.388177014189,173412.82228599448,744.0692170057446,133520.26918799675,203.59728400217136,2967.3824229903403,1.248930367635765e-14,1.1855430384463132e-08
32,57,11544.551255014085,173532.83126998576,744.4588639918948,133531.6108379775,203.68574400345096,2969.8863950252417,1.2766081267239436e-14,1.0000807774151017
32,58,11542.347217000497,173594.2840409698,744.317768025212,133538.34004898818,203.4396870076307,2972.014491984737,1.1283616513432431e-14,3.555043840607353e-08
32,59,11554.522651982552,173430.4462229993,742.950268999266,133466.32100100396,203.5876239897334,2962.6773380005034,1.269231578732496e-14,1.000080128278004
32,60,11537.393577025796,173015.02950800932,742.7375829793164,133493.10202803463,203.4599660182721,2970.489484978316,1.28995303054228e-14,1.0025724044639198e-07
32,61,11537.436843005707,173205.34825496725,741.4740119857015,133485.4726510166,203.23742996697547,2964.623189996928,1.236048182910539e-14,1.0000539482774211
32,62,11545.486495007935,173494.42266598635,744.9323020045995,133547.46563998924,204.0560950190411,2971.1705629888456,1.2633186676581412e-14,3.2779841045711257e-09
32,63,11548.16336199292,173473.58421100216,748.1923710365663,133493.49184601306,203.3131949865492,2975.4629310045857,1.3588056866729168e-14,1.0256414900398041e-10
32,64,11541.074238004512,173011.22572600434,744.599483005004,133501.3225110015,203.51992598443758,2972.38396499597,1.1025768444513262e-14,6.3210173934534955e-09
32,65,11540.485223995347,173330.33538198652,747.3596909767366,133531.08417602198,203.04847501392942,2972.533040017879,1.1877924575719824e-14,6.665766234335306e-08
32,66,11533.594171000004,173639.34991598944,744.4766279877513,133516.8715630134,203.20852198346984,2965.1417680070153,1.1922524992807364e-14,3.5562169495489668e-09
32,67,11545.806318979885,173648.63306898042,747.3515940146171,133553.47675299708,203.79309598502005,2974.0024050188367,1.1801775324364171e-14,7.392735408283511e-08
32,68,11546.87268698035,173527.34748298826,745.4243040119763,133534.82191299554,203.65567500994075,2960.792530015169,1.2525438275682207e-14,2.594197650425319e-09
32,69,11555.94375498913,173225.08520997508,745.4951879772125,133491.04745801742,203.30293003644329,2966.8335379683413,1.2166735228895127e-14,3.001241048547826e-08
32,70,11544.193413006724,172898.55057201203,744.8922240291722,133496.53747198317,204.00927800073987,2966.787715005921,1.2030178312313188e-14,4.028184844307789e-09
32,71,11543.518193997443,173206.71167000546,742.6950690132799,133603.71417298302,203.5213600320276,2969.8392169957515,1.2714960121905502e-14,1.0002997672104874
32,72,11548.06491400086,173169.16738901637,744.1543430031743,133483.20331199648,203.85106202593306,2977.2897189614014,1.2343029737922044e-14,1.8739598526165716e-09
32,73,11550.038961977407,172959.1689579829,748.3355689764721,133554.0736149851,203.8142420060467,2969.918909977423,1.2475100318401714e-14,6.358360252008609e-08
32,74,11565.188047003176,172938.7623869843,742.0106399731594,133499.47271402925,203.73698901676107,2964.8169609863544,1.2677841798692919e-14,5.790210598740867e-10
32,75,11528.043059952324,173203.38835298753,744.1219380125403,133492.22715300857,203.48057999945013,2967.603230958048,1.1899635741678935e-14,1.9363006291636062e-08
32,76,11554.564041973208,173001.96355196385,741.7288460128475,133522.16644799046,203.98384899453958,2978.1000339862658,1.2946258898082154e-14,1.8697403251319117e-08
32,77,11541.189899005985,173342.90678298566,743.9118400361622,133472.15819499252,203.3549010011484,2966.945402986312,1.2268971974232054e-14,6.686920413938511e-08
32,78,11548.220751988993,173149.61515599134,744.8401269866736,133538.11887699703,204.2259239970008,2971.7085679949378,1.295050268759176e-14,1.0301372727477839e-08
32,79,11550.278875998629,173629.45682900317,746.2719290051609,133841.7369619856,204.09922499675304,2963.3903760113753,1.239527818595911e-14,5.1038879609946186e-11
32,80,11550.483344006352,173234.07897999277,744.6510099980514,133922.05374401237,203.79126401530812,2972.117827986949,1.1988766959208628e-14,0.9999999976582838
32,81,11561.481520038797,173465.6895330263,744.3935380215407,133969.57611799735,203.46327598963398,2964.0044230036438,1.2577941973639296e-14,2.918172574882058e-07
32,82,11568.00922700495,173891.29729203705,747.6128560010693,134034.71986699878,204.10741397790844,2969.695836007304,1.1881110069911221e-14,1.0479470559227927e-08
32,83,11552.125220965536,173379.1240939754,746.0343789862236,133998.52332199225,203.7571919936454,2971.443293012271,1.273016341674272e-14,3.0937173309272514e-08
32,84,11540.146691993868,173169.22248501214,746.0549299939885,133566.35927099705,203.30997999553801,2958.2887350188685,1.2257470407645811e-14,2.1780828477790556e-08
32,85,11540.139195974916,173249.87817900546,744.2930440156488,133502.99803999224,204.05432898405707,2974.839547961892,1.2771063307822501e-14,5.68378885358457e-09
32,86,11540.876582010242,172982.7053289846,745.2576670111739,133562.38496099104,203.44416999432724,2962.323784013279,1.276496635639245e-14,1.0005160945907716
32,87,11554.133005985932,172970.29734002717,742.3866989920498,133603.01336998964,203.9716130020679,2967.851918998349,1.2564320889801864e-14,1.1890002440497321e-09
32,88,11533.045936012059,173053.73775498447,743.1022229939117,133627.2966230099,204.72722799604526,2966.01343297516,1.2270229679054373e-14,3.779163851265274e-09
32,89,11543.734550003137,173212.837511026,745.0298179974197,133548.27978599496,203.3004499899107,2957.1140949919936,1.1428902732553223e-14,1.0754232789393873e-09
32,90,11541.753362005693,173214.6580519984,742.1819749579299,133510.14079698507,204.1367779893335,2959.4382289869827,1.2100656057403681e-14,1.000154486029946
32,91,11551.533951009333,173428.73876198428,748.8837199780392,133586.69202399324,203.38258399715414,2970.9906869829865,1.270644974871835e-14,1.000206442824084
32,92,11546.525136989658,173641.0144620022,745.998400991084,133714.750818006,203.41735500551295,2970.4517829668475,1.1838587779411322e-14,1.2397649866699063e-09
32,93,11544.782183991629,173254.96420900163,747.2007530232077,133539.07996101043,203.26261298032477,2974.975708995771,1.2890699301724263e-14,1.0001114844198278
32,94,11534.104788974219,173623.7586379866,744.425383010821,133686.7516570128,204.0392620037892,2974.8451830091653,1.2541435868508802e-14,9.319418394986911e-08
32,95,11531.138064012339,173112.4488750138,742.6091369998176,133488.7261420008,203.77844900940545,2972.236488989438,1.282783291685894e-14,1.000161850019995
32,96,11527.649521995045,173157.80996298417,744.619884986605,133473.52451700863,203.83185101673007,2960.9348029989633,1.31429992571607e-14,1.000118215349834
32,97,11546.268921993033,173381.16900200112,745.4928190200008,133513.44275599695,203.1916679989081,2964.9643300072057,1.2927646614668975e-14,1.0002128789462885
32,98,11551.533228979679,173714.90979501687,744.9942859893781,133551.37710298004,204.43485301802866,2966.424792975886,1.3482640819715094e-14,2.2174848117574087e-09
32,99,11564.324597995437,173554.2658949853,744.2873270265409,133547.58422003943,203.5759329883149,2969.1488230018876,1.139038097112442e-14,2.7282496751636604e-09
64,0,89134.74002400471,1431494.0595989544,3267.233264981769,1152283.042404975,872.4197070405353,42044.26836998027,1.1615533915410797e-13,0.9999994895812087
